order_id,customer_id,product,amount,region,order_date
0ca99bdd-7fc5-43b8-955c-7a1633576fcb,94f32c5f-4314-4e26-b10e-62bd1a07e1c6,Laptop,654.97,Europe,2026-01-06
3445ad9c-308b-48c0-ac78-2c9b628cd135,2fc5fe95-7ecb-43c6-9236-e8d3fc7403aa,Laptop,1306.18,Europe,2026-01-11
fa22aa59-ab4b-4562-ab2d-eb84b5e620ae,7b59ed07-92d2-4145-975b-9228ba28bdfa,Laptop,1764.44,America,2025-08-15
b4a4dc1b-a765-4591-80d0-2ea550e90dfb,643e7b88-f336-4415-994d-571fe29d84e8,Phone,1484.7,Europe,2025-07-26
2269428a-2125-48bb-9621-f55138421f70,9db4a35b-9ec2-400b-98e8-2e42aa463807,Laptop,476.53,Europe,2025-10-29
5634b8d0-0ab1-46af-bbc4-b85ea32d9d80,b1914c47-171e-4037-b41c-297fd3f49b2a,Laptop,1188.6,Africa,2025-06-03
7df86a50-b5ab-464c-8a04-3483e6d321c0,235f20b1-7f03-41ff-8d94-0722b66398d1,Laptop,319.36,America,2025-07-19
30c1cc39-616c-40c6-a095-3776d251edd7,8fcab330-66b2-44ec-acb5-97fed0bb1288,Laptop,922.75,Africa,2025-10-28
2e1cfbee-b1fa-41c3-9a11-7a1262c80461,a19f9c78-0e10-4e8c-b4f1-fb2550c893e7,Laptop,1891.24,Europe,2025-11-25
2fb66330-1579-45f4-9da1-abbd04abfae0,3c585f5e-1cd5-426b-aa89-1a65450535a2,Monitor,689.88,America,2025-05-27
ee5fa448-dc6c-40b9-a8e2-12ddac35ec15,ffe4ec12-f336-4a20-87f3-f7e95d97467d,Tablet,1539.66,Africa,2025-07-29
9b6a2822-0d6f-4547-8b77-822cd7607ab6,8d54c345-75f2-41a3-a5fe-141f08b42939,Monitor,413.93,Europe,2025-07-26
8504cd60-048e-4bcc-af3d-e6ba7c9e686b,b466bf83-a835-47c8-ada0-524c46e8deac,Phone,107.83,Europe,2026-02-01
209f0655-53c4-48ae-bf98-0308473bee6a,eb841169-1308-4dc7-8c50-cb3a20a321b7,Tablet,1207.31,Asia,2025-08-08
b484f988-9ff6-4204-acc4-f1c4c72d97cd,c5fb8dea-a020-4248-81c1-7e4def5e19eb,Monitor,1706.38,America,2025-11-17
ea496922-ebf1-48e4-9373-f1c32a6b069f,bb43bf91-04e8-4428-8be3-b680cf0241b1,Tablet,1312.36,America,2025-06-08
14cd6d12-7ae6-4633-a405-f5b3182d0fd4,48cce61f-c766-441a-8282-fb98310212f4,Monitor,1548.2,Europe,2025-12-23
6f8f7b31-af36-4c96-9074-4154be70c9ea,bb96837f-cdf2-49fb-9ec4-54f5e463a5b9,Monitor,789.11,Asia,2025-07-29
002364d6-b7e4-4a9d-bf65-51bbdc719c2f,31a657fa-3221-4d6f-ab7e-623e86633ad6,Laptop,1837.65,America,2025-04-05
adeb2125-51f9-4311-bc71-bd2cab527000,c3e75c76-879a-4ea8-8bce-f289a43bc52a,Phone,1186.43,Africa,2025-03-04
eefb2cbf-578d-41f7-9190-3e7dfe21d114,015019cc-466e-471f-b996-03bf0956b3a4,Phone,1828.18,Africa,2026-02-14
0047dc81-7408-4c6c-baa3-167e4a32ac4c,72df14ec-31ca-49ce-965c-eae481affa48,Monitor,721.1,Europe,2025-08-05
f8961cba-f449-48a0-8db2-5a4169531fce,d6eeffb7-2822-4a54-9dde-5bb05d653a71,Monitor,1939.16,Africa,2026-01-21
8d053535-d2ec-434d-a28f-81039294e1f9,a630bd8e-a563-4b00-9be7-728147da03bd,Phone,997.63,Asia,2025-03-11
b5633579-d712-4fd8-827a-9a4f4c7b4728,321b6079-e93b-4178-bf6f-6c8456989c5e,Laptop,808.85,Africa,2025-08-23
77e9c33c-5f9a-4e89-a833-5dd9db2cd164,9ecee129-5605-41cd-8df4-89bb250f2d82,Laptop,1611.37,Europe,2025-11-30
38f8234e-949a-4176-b723-c22dfd906eb1,be08c8b4-6c17-41ca-8dfd-ab9bea2f7d0d,Monitor,998.2,Europe,2025-05-20
8c7e6d46-3cf6-4738-9e7b-92133d61ebed,fc235b5c-6538-4f7f-88c8-98466330e038,Tablet,1265.01,America,2025-05-06
b6196ea1-2874-4846-8a34-4d95e402cbcd,607e0432-50be-4d50-a005-5d15bb15a314,Laptop,812.07,Asia,2025-06-02
abc0b0d4-b495-4925-af94-1517e092ba85,78ce548f-3c22-44ec-862a-31bf56746a25,Tablet,1839.46,Europe,2025-08-29
11db478c-b17b-4da6-8a45-b1746bca525d,0d9a9297-e8ad-4b75-8c1c-d669cfa0242a,Laptop,1878.71,Asia,2026-02-24
ada9cc09-e9ac-4308-92b2-358143099212,0e5091eb-f6d8-482a-84c4-7fd9799c4c5e,Phone,838.04,Africa,2026-02-15
d98e21ce-5da8-4582-a97a-bf46a335bf4b,6c5cd2ca-0906-43eb-92a2-5e7d210189c0,Phone,1574.43,Asia,2025-08-18
db4f3913-105c-4206-a8cf-4c2cd288f253,27633fe0-453d-40cc-8213-02c3fc0adbd7,Monitor,1208.63,Europe,2025-08-03
7c6b690e-1a79-4492-861c-47ec72fdb1ac,5fb4d4df-86f1-4e53-82be-d923c693a78e,Tablet,177.43,Asia,2025-03-08
9d6c4f23-8f68-48e4-8b98-e38458b7c7d9,229dcd24-9a93-4db0-8e94-5b9e84740624,Laptop,1034.7,America,2025-11-17
4cb8a576-ff7d-4835-a5f4-12d77a694a2a,eec22499-7f04-4dfd-9e36-7fc420d924d1,Tablet,1732.77,America,2025-08-18
7ad7eebc-ba53-4d4b-95fd-372c6906dfc6,f3228862-d2b6-43e6-bde6-0927dc65c914,Monitor,1335.65,America,2025-11-05
8705b59e-3678-4e01-bb2b-e51edd1662cb,42da582f-2215-428d-80e7-fe35a5dd951f,Monitor,1119.68,Asia,2025-03-30
bdb6c12d-76e0-41ed-bf22-0f3e2b379cf4,2a02c8b5-a923-4531-8638-1d9922a97e25,Phone,332.22,Europe,2025-12-11
d6146bcd-f06d-4786-9e8d-8c84854a24e1,3f6c296b-a650-4d95-aa8e-e60f029883dd,Phone,516.57,Europe,2025-05-20
6781c8aa-2cf4-4edf-bd5f-3b8e68f3d2d3,0c02a10a-0965-4bca-adaf-92746fff09e2,Phone,95.13,Asia,2025-11-15
58a9549f-d7c6-4249-8b65-766d9d1e443f,04e637e9-4e8e-4c84-8f91-b113b2a0224b,Phone,1687.12,Africa,2026-01-07
ef469d2c-d4c5-4713-a02d-9af2a36be1df,f62079c0-8721-4d7a-bfb5-ad4f211b0aac,Tablet,250.76,Africa,2025-03-10
398d07d3-8c63-4bbb-8b9a-1406f3c826c4,b59399f5-a9ad-495f-af7e-e25c803b17b8,Phone,1072.28,America,2025-04-23
489772dd-8bdd-44c3-bf66-6c00144cd3e3,b02ade46-a798-44a3-a4d5-92c833f92b49,Tablet,711.43,Asia,2026-01-11
be348f4f-126e-40da-93e3-19a502923e2e,93e919ca-48bd-4a7e-9dba-188d41351ad9,Phone,1347.83,Asia,2025-11-29
c15cbef9-7d2c-41dc-8e1f-dac2a49838b6,d7086d19-727b-4965-9f53-01850bc3a92c,Tablet,257.6,Asia,2025-09-19
3dd93732-8d84-471a-be19-b7e6f7209eb7,6edcc105-e5b5-431e-9b88-7d5e7eb02d16,Phone,1623.61,America,2025-06-30
ebc4cc11-cd9b-4744-b7ba-283f34c2da22,0945a869-2c2c-4efc-b855-064eb628b83a,Laptop,910.83,Africa,2026-01-02
9c737d69-7400-4c19-9bf1-0f4164e1b992,7e83da75-e0e7-440e-a755-1baff47dc95d,Laptop,541.63,Africa,2025-11-30
9fde1dbe-484d-4df1-8e9f-57f571cd7b84,5685c4c8-da5d-45df-ab55-f168a2f1e9f4,Tablet,765.32,America,2025-11-12
332cc3d9-44a6-400c-830e-07daf1b15290,940f4561-9931-4232-90be-ceae3ebcaf06,Monitor,869.43,Europe,2025-10-31
d6431fcf-2895-467e-9d23-db5744f5949a,b09f3dd4-2a6e-4d51-a883-f5cacc687718,Monitor,838.15,America,2025-07-05
93eceea8-55b1-41d5-beaf-f490d97a4393,510fa574-8035-41d0-a40e-2f489e900ff7,Laptop,1156.86,Africa,2026-01-08
15a18d90-87e2-4a7e-b68c-1fb3c840628d,c3bf5632-c680-4b3b-b555-da36e8b1499a,Monitor,1081.44,Asia,2025-10-31
b6df2274-9600-49aa-8b7e-cfc92f3ae8c6,daadaaaf-157d-41fe-a683-2fb98f15834c,Phone,1291.74,Europe,2025-09-13
ef4740b2-1c34-47d2-a3c7-a0a90fe1e9e1,c021b93c-930e-4e30-adbe-4c2365c989df,Phone,417.29,Asia,2026-02-14
29f7926c-b9f3-4cd5-af8c-5020f1f4cbbb,f7ac1eff-f41f-4c69-9b5c-68ced9e0829e,Tablet,1765.11,Europe,2026-01-11
5c762871-4419-439b-a8a4-428b1a28ff69,efdd9016-c23a-4f94-ae61-3bb4588d3c62,Monitor,1248.81,Europe,2025-04-10
3106cf42-7b03-44b4-809f-725c66c1752a,046af82b-e1a9-4ad8-8a11-031924a7cfe7,Monitor,248.99,Asia,2026-01-05
6c2eea6b-1d4c-462f-9455-e49d0fa2d848,51d24994-e9fc-458b-b41e-791eba8e7393,Laptop,435.23,Africa,2025-10-26
e4c2870f-affd-4f81-b18f-5f96fc21d18e,07375354-483b-4bb4-905d-69e236394512,Tablet,467.1,Asia,2025-12-05
b359799c-cc11-4b9e-bc89-411fd9204138,58a6cd5d-df11-4f6c-80c1-c9d397e69c82,Tablet,1683.26,Europe,2025-05-20
b97194e4-d979-4d72-b80d-2c052bcdad42,2c2e7dcb-3299-47d6-b0ae-10c49162d27c,Laptop,692.36,America,2025-10-25
4fd8d071-1a6f-4622-bf44-cd3f6d862135,135e2235-1523-43be-81fb-838bcfa01630,Phone,854.3,Asia,2025-03-31
9917ef0e-56ec-470a-a041-e10096a0b3d6,671e2f3a-f354-46de-b0c1-4fb25e2cb7ef,Monitor,1260.23,Europe,2025-05-16
66d4d5ad-ca88-43e2-a6fd-406472325aa7,dbf1e227-4720-4012-8e73-991bb4af0664,Monitor,299.98,Asia,2025-04-22
4b76fea2-a40c-420f-af20-fc72f4881042,ee13afea-618d-4476-87af-724ab668d457,Phone,300.66,Europe,2025-09-09
74601c61-75ee-4a59-8331-1ada3f5822a7,eeab45a0-ebd4-4377-804b-1edd4dfddd26,Phone,995.15,Asia,2025-11-13
48796d4c-6da1-4aa4-ad26-b94b8e69d5d5,09d662e9-fa01-44c1-a7ac-a410316fc74b,Phone,1981.11,America,2025-04-19
472ac6dc-b0bb-47b7-a1f9-11d81d74159f,85207ceb-55dd-4da3-8a27-6974af94ef34,Phone,1029.32,Asia,2025-12-31
8802607b-6068-495e-a15e-ae34026f1b16,fabe7289-f187-4c00-96df-a721549faa2d,Laptop,550.43,America,2026-03-02
65049b41-e402-411a-8831-8000a1469658,210fea77-e6f9-4154-8e15-7f62cc23ffac,Monitor,61.8,Africa,2025-05-09
148b9ccc-61c0-4936-9b46-211a28d7913d,73b2501b-24c8-40a6-9adc-cfd3f734675e,Laptop,1274.02,Africa,2025-08-10
d12f96e7-ce10-4778-9e10-f943e9cb98ad,90dca5d6-e0be-49d4-b1ef-3a817db858fb,Laptop,769.9,Asia,2026-02-14
8291e5ed-197f-4651-b3d8-3e595eb34837,cecf8f29-bbcc-4e66-82a6-aa6378ea7ff3,Laptop,936.99,Africa,2025-06-12
78040dd7-296a-408e-8154-16c38011c454,43d29058-4a6c-411b-9a71-98557553332c,Tablet,1807.25,Africa,2026-01-14
896eeca6-f233-4ef7-ac09-d6c372b02cb4,e404f853-dc36-4fe3-a78c-d47c17fba1fa,Phone,1708.48,Europe,2025-09-10
74a7a27a-6fc3-43d5-9954-07762217a119,3852221d-1187-44d3-8fb9-730b109fd2c7,Monitor,1071.78,Asia,2025-04-16
3ad75856-cfcc-4905-944f-db8409524b7a,480639e0-1893-47e9-ae57-3266dfc11975,Monitor,1167.97,America,2025-12-08
828eccee-e22a-4b53-9dd7-556e6b4d3e82,2b19d97e-db00-42ce-8f8b-87ae0127330c,Tablet,1234.48,Europe,2026-01-04
732df19f-911c-4ca5-8d2b-96b6647e91f4,3b71b3b7-9107-4ddf-ae26-3a17cd0ba9ef,Phone,1639.41,Africa,2025-04-28
1322b91a-f140-43cf-bf5a-9f82af0f5545,dd9f2916-0d3f-4147-8a37-28b0c4c471eb,Laptop,569.99,America,2025-07-26
fea16611-9de6-4c8f-a304-b87fb608b946,2d993b74-879d-4f61-bc44-ff5901881054,Phone,136.38,Europe,2025-03-05
bf4c21c7-1687-4dde-9b5f-83474c06c938,a31d6652-309d-4b78-9ffe-d85c4ce2f571,Monitor,1391.91,Europe,2026-01-27
836edaa1-a94b-40f4-8fde-0515e2212743,be97b0e8-6192-47a5-a6bd-6ed734158759,Monitor,106.0,Asia,2026-02-05
f75e9cb0-fcec-4553-b2b5-28ef1c1cc349,28a1b25c-d4b4-42ce-a40b-8ebefe82afca,Laptop,674.68,Asia,2025-05-07
c3de7bab-889b-4b57-99e2-a5d0d473b156,3ac98fc6-4982-4a96-80dc-9809fbcb7beb,Monitor,1900.17,America,2026-03-01
4b661281-4a8b-4ccf-a703-ac263c66f849,00ad077a-295f-4e85-9ba7-a03e9935567f,Laptop,1473.17,Africa,2025-08-15
76b8e452-bb64-4f81-92e1-b56d8a5849a4,699b70e7-1cab-47b5-ad0a-634a35626746,Phone,1790.93,America,2025-10-23
c34cf5d6-fc3a-4bf8-a335-6e57124d1af3,d1d39f90-6fd3-4978-8595-189281a78ffe,Monitor,1277.77,Europe,2025-07-07
4ecab7a7-f636-4365-a240-1f66e137e423,69564232-f059-4415-97ad-77b23c1734f4,Laptop,385.75,Asia,2025-04-08
bd06c521-51e6-4707-8e6b-8af0b6384664,cb29f01d-0412-488a-b5c9-362f3989d261,Monitor,911.07,Africa,2026-01-20
4d89c4bc-d499-4f73-a12b-521f5f77b434,d860581c-9f65-4b0b-8bfc-42b032ae92cd,Laptop,1037.17,Asia,2026-02-16
92df4bee-f2d1-4665-97ee-1ab803337319,5fdeced4-34a8-4cac-bda7-afd6001cd2ee,Tablet,674.51,Africa,2026-01-07
5d66d8b3-ca29-41f6-ab7e-020757aed5be,ce7e6b02-fc4c-401d-8268-37378cd61fbd,Phone,284.48,Europe,2025-08-20
d9816f47-8b65-4ee4-9aea-5b7a8e25977e,57edc8f8-8798-4a14-9591-82b9a00644c7,Monitor,1469.24,Europe,2026-02-03
8da674ca-eb70-43c9-ba7d-32f9e3313861,4fbcc3c7-ab52-4c61-b086-1edc1dcb368f,Tablet,626.09,Europe,2025-11-02
2a962933-be5d-4936-982e-558abff55829,1b9fe9b8-d7e7-416d-9e94-aaefd76d24a8,Monitor,979.6,Asia,2025-04-03
7c9992a8-e5b8-4d5f-a861-a83262daacfc,b37cdaf3-b80d-4463-84b0-c90fbbc02eb6,Tablet,1815.02,Asia,2025-09-04
f18e6698-5490-4547-b3c1-78e3bcbdc1de,fe322c97-1c32-4627-8cde-9cd791ff1d9f,Phone,407.0,Africa,2025-07-02
8b512936-667b-4296-86a1-1d6d4b9434a5,5df5b667-fba1-48d9-8032-c53131678403,Phone,1590.88,Europe,2025-12-08
7631d1f6-f15d-4f5e-8b4c-fbbb6e55722e,8a2faa94-503a-4fb1-bf8b-2260849249a0,Laptop,1179.27,America,2025-07-19
63131176-dc3d-45ef-96f3-2a460d67be91,d8d37427-79e1-4391-884f-e499db8e6a01,Phone,688.63,Asia,2025-10-13
dd863e74-0e49-4abb-8800-6a0534eacf06,d8ed2401-d83c-4d4e-aa37-2e43116b640d,Monitor,1904.81,Africa,2025-12-15
65949bf6-d1e1-4e4d-9654-40d6712293be,b0779bcb-cec4-4dcb-bc49-843bbc7dd757,Tablet,1633.56,Europe,2025-09-16
50bf0dd1-70e3-486a-b81b-2d77f8ecb98a,4500c02b-a611-41e1-b9ff-317ab201bc77,Laptop,1961.56,Europe,2025-05-08
ab2e4251-1f73-4d9a-ba05-c575f2e85a88,5484aaa0-dd7e-4208-a9e6-5d512cec6b09,Tablet,1086.37,America,2025-06-08
bb75189d-5790-47ff-8752-c428b7940507,01fdb196-e3de-4517-a129-51e12f3b1161,Phone,1344.6,Asia,2025-05-09
34ceb3e6-e25b-48dd-8f4d-1882a83b668d,cac0566e-669b-471b-997b-96ae2418b80b,Phone,1649.75,America,2025-10-03
8d8031d6-252e-46a5-aa80-ea2d9a69f956,adf12fbd-b769-4df5-8806-21bb9db8f0b2,Phone,1093.04,Asia,2026-01-15
507fd818-96f7-47cd-a031-285452eacdfe,cb81663a-6d8e-4d01-8e05-d3e50772d713,Tablet,1424.22,Asia,2025-06-13
e9afe186-6252-437a-9304-010f2764478f,14927ea9-0d46-410f-98d4-743db500f968,Monitor,1905.65,Africa,2025-11-03
5324dc3b-4588-4a77-a23d-ea9caab9aa16,62619ce2-d12b-41da-bf63-4146ce572af4,Monitor,1631.51,America,2025-10-03
0ffd95a6-d183-497c-9a57-0503951d29e3,accbb710-e8cb-4377-905d-2fcfb720be60,Monitor,1389.88,Africa,2025-05-14
23892f83-8cbe-4972-bee7-bee55ca52970,9361a7d8-5bc5-4606-9ff2-327ba1986bec,Monitor,1200.81,America,2025-06-13
90ef10ae-fee5-4593-8f2c-fbebb26c9b57,27917b23-2e72-4fb8-adba-e9646a2a6186,Phone,1556.82,Asia,2025-03-17
1c85c723-7233-4441-9907-e661f3bdf598,8c243358-0279-47a4-aaa3-0ed21896f40d,Tablet,132.56,America,2025-12-21
cb0da9c8-3a0d-4d27-b66d-3d7a4a8cc702,c55791fd-250d-460a-b7dd-4255c033b8bd,Monitor,428.32,Europe,2025-09-25
8c2b129b-2221-4620-8db7-a4afe6293c7e,8b9841b8-a0bb-4410-81fa-ca391ace63d8,Monitor,1509.23,America,2025-09-13
ff8be82f-c9f3-4d1c-9f87-dc889f7d24f6,95a1f7dc-ab58-4870-9648-d7575d8ccb9a,Monitor,1197.74,Asia,2025-03-06
007ee30f-389f-4a8b-a897-0455bd7a8178,02d7b351-11b2-4c9c-916c-9c58718ba389,Monitor,805.08,Europe,2025-05-11
da5ec927-1008-42e5-beaf-4ae8299d4278,aff372dc-4b1b-4840-85f5-8a4daf5e553f,Monitor,728.78,Africa,2025-06-16
2f61fc30-08c9-4096-af72-f83d1a52dfd6,10afa325-43e5-4cb6-a033-40128348d773,Monitor,1816.69,America,2025-08-22
212d59c2-1e89-4e24-bd89-2bd4c87e94f1,eccfa7bc-1487-4afb-a2e5-11b559b62d29,Monitor,1731.56,Europe,2025-04-09
d04fb57d-321a-4a68-907b-2445da421f19,73f0066f-30f7-4bf8-ba40-01521d601fc4,Monitor,1119.17,Europe,2025-03-11
f5327dc6-d10b-44ac-895c-9f108a3bf515,9a99573f-7ba2-4513-b7ba-1dfcdd382daa,Monitor,1575.91,Europe,2025-05-14
1c09cafc-34b1-4c0c-9000-badc11d12690,5f15d101-02df-4194-8f9a-477beff3894e,Tablet,715.49,America,2025-10-01
9e8a0744-bcb7-45f6-a8b0-cc0a06be8502,8568428c-1441-4870-8b0d-bedc707743e6,Monitor,1554.84,America,2025-05-17
c3c0e36c-6458-4991-9988-f9279a8414bb,9dcf6ce7-2e8b-4289-b1b8-888fcb4331af,Tablet,720.16,Africa,2025-11-15
4b5b2830-738c-484d-a3dd-39b795ce9e5e,a2d30673-d63f-43bd-b3f6-5e3f8cc4c972,Tablet,1279.56,Asia,2026-01-30
25836e67-275b-420b-bf60-4765aa6d7617,503af905-0bd8-48c3-86ee-a63eba8ececb,Phone,192.35,Europe,2025-12-27
27597e8a-c9bd-498d-aa30-b45e6a88b139,86b78849-f567-4bda-8065-efaacbd07630,Phone,1313.41,Europe,2026-01-04
13f5a854-bdb7-4fbc-bc1b-366390fd85d1,afd8b8fe-1c92-4ec6-b47a-11b7a0ae571b,Phone,1828.02,Europe,2025-06-09
9800ea6f-61e6-4d03-a4e0-b885836c1606,c6f6b0b9-ccc5-45fb-99d0-1a9106b08570,Phone,403.2,Asia,2025-06-03
ee87247b-c040-497e-aa89-df7ba29d0f50,afc25788-bb2d-43a7-8d86-390f294effb2,Monitor,652.39,America,2025-09-06
1e9c23d1-3995-4dd5-af3f-f086d99d1067,8ffc49d1-377a-4996-98b8-53a632a53b39,Monitor,647.69,Africa,2025-06-22
99f3e17d-0769-4fc7-9e19-55a3d00c6fa3,29f781c9-6ade-4501-8a31-185d08d94bca,Monitor,567.97,Europe,2025-09-14
cdf965a1-efca-441d-9754-a94971a7148c,dc4b0be2-0d5e-458e-b2e6-7d63b4b688e6,Phone,462.99,Asia,2025-07-26
9e26efa1-3645-4678-b294-365b76974066,1876c921-3278-48b5-867e-f519221811a8,Phone,170.86,Africa,2025-08-17
ece5ddcd-b932-465e-91e8-473a55f3e157,b3d4ff6d-e18d-4f2f-81e1-6abefbde56f7,Phone,1847.31,Europe,2025-08-26
47773383-c86a-43df-8edf-a4567129644c,40e283ce-529f-4a92-8382-9a3455af4f48,Monitor,1725.53,America,2025-11-16
8009da54-98c4-4472-af67-40c2a41d806f,42e02e3a-a352-4f90-94cb-fafd67b7ff7e,Laptop,1327.7,Europe,2026-02-23
10adda38-ade8-4d86-bbf0-1e67b194ab3d,77e3a281-b82f-400d-8244-63befa3e968c,Monitor,716.81,Asia,2025-10-06
0ad6d486-feeb-4a22-a497-8345d323a4e4,15935996-93f8-4a36-a283-350b53403757,Tablet,1696.36,Africa,2025-08-13
3699e90b-d804-4ba9-96bc-c1d2bc0f63cb,9ed3fb6d-9d17-4540-954e-077770bbfd98,Tablet,186.19,Africa,2025-09-22
f240b183-da94-475a-9b50-56de37e9669b,efa7de63-7531-4413-b204-3201d69c2c61,Monitor,782.73,Africa,2025-12-03
e1629dee-81dd-4cc4-ad99-17cf4e03354a,f1f01092-0886-4cc1-b59f-49a42ad0bdca,Tablet,1565.45,America,2025-12-29
20802c42-8c53-4a69-92e2-3e19e4b706a5,b89aa908-1c9e-4845-a68c-a19367e291ca,Tablet,826.27,Africa,2025-11-10
f2e460ae-2dc2-4a24-a81e-4441d8da62cf,89b8c646-e0c2-4205-973c-ccc157f045b1,Laptop,488.85,America,2025-10-22
c3c7fb33-dd1d-42fc-a808-0ce5c5d7b478,51702468-0e26-4855-af9a-1192c4da89c8,Phone,1371.03,America,2025-04-07
be33abf5-bf51-436a-8195-ee67cd573112,cee2312d-4feb-4f72-afe8-0ded30823f15,Monitor,740.67,Europe,2025-03-15
3da7e172-5324-49d1-92d8-9bd18628925f,d54dc93c-a90d-408d-be0d-f75512a615b9,Laptop,1598.55,Asia,2025-09-13
85c065bc-49dc-455d-81e1-7730beb66cf0,b8576668-476f-4582-8d15-3f6a778e5d5f,Phone,877.65,Asia,2026-02-23
f0a62b69-706a-4067-8017-4db7e7749e60,a72e4c91-30d7-4167-abdb-27a52bed7bc5,Monitor,1812.25,Africa,2026-01-14
42c3cace-46d5-41ed-901b-5dcf4e909053,7dd63d61-8656-417e-bdc8-0a62e7ad1065,Phone,1410.21,America,2025-11-20
f9be6b27-91b5-4fa1-a1a5-8ed976de871c,897a65b7-cf4d-423f-bae5-03028c6a023a,Laptop,1855.68,Europe,2025-07-22
842877e3-d652-4dbc-a657-46532b921793,15d3c98e-c405-496f-94e3-8eb26c606f39,Tablet,1173.83,America,2025-11-18
6f7a5109-78ee-42e4-9418-e4a11a0f3057,4d7d32bc-93cf-4636-a372-f16a8782de31,Monitor,769.15,Europe,2025-07-11
15cba82c-9ccd-4fe4-9cd7-6728ef97449b,45d35a23-6e2b-41ba-b84c-66fb4489fcbf,Laptop,847.9,America,2025-09-26
8001115c-cce6-4aa9-9313-d29d681dbd12,e745c54d-7ac3-45ac-a6d7-f355cc58c122,Tablet,1120.17,Europe,2025-03-08
134c7de6-84cc-47dc-9472-126ff1d9e8c6,89a9bb43-76fc-4912-be79-a38b0f8c3bcf,Tablet,1395.38,Asia,2025-12-04
54af4f71-41e8-492e-859f-ec6ab33e43b8,4521d4da-146d-44d5-b3be-b73101d24181,Phone,1085.93,Asia,2025-07-31
c54fb53f-f829-4560-8aeb-cfce4cbf4ddf,b6748536-4fc0-49fc-ae2f-7fdc9530bcbf,Tablet,1750.68,America,2025-09-21
9cc3d118-4dad-4464-836a-f259ed765847,efff87d5-8030-48f6-b8cc-900ca27e9fdd,Phone,1628.58,Asia,2025-10-31
78ec52d2-0f08-41e5-b577-436400e11ba1,52b18505-3955-4aeb-b472-016a13f0044a,Phone,541.47,America,2025-12-12
5f70e08d-6f95-469b-bd3f-3366fe00645a,9b5b3311-59a7-4a40-9c67-d8f2a6e89381,Phone,337.05,America,2025-07-06
16bed11c-5cbd-49a7-82e7-0911887ba4f9,e30b982e-b1b1-4e06-a363-d0d63bf9106d,Monitor,60.83,Europe,2025-11-04
bcfad7ea-36f0-4c67-8655-e2f5cb77781b,30acb2f1-9ccc-422b-99d5-0b1992ddd0df,Phone,470.87,America,2025-03-05
f8866dae-69a2-472f-aa40-604153375ce2,edb6f477-9e6c-45f6-88c6-bd35b4aa485a,Monitor,1071.88,Europe,2025-06-10
8536935c-a1ed-405f-8033-d1bf8bb54d92,df565983-71eb-4614-893a-252de9d40165,Phone,1994.02,America,2025-04-15
f5e6a1d3-0f70-4662-9f4a-a6f5fce94ea5,dd788f28-8cc9-42c7-90ae-421efbbd9560,Phone,841.47,Europe,2025-06-17
af6afa40-38ad-4361-9f14-02fa44e94ac2,1e99490c-3b9d-47ae-967d-b4abbfe9a2d4,Laptop,1181.12,Africa,2025-12-03
8ee0e5c6-68b8-4838-9f49-2ac4e780b54b,6fa0b641-ffaf-4953-a0d6-58c9286ca603,Tablet,654.18,America,2026-01-05
960edba0-fa8b-43d0-ac60-14fd6c00d4dd,0998d3a7-c603-4577-ae45-bca7e78e9558,Monitor,1960.88,Africa,2026-01-20
95d286af-930a-44d9-a4c2-bb6be7ca7e26,5b987402-3010-4015-962c-4073cda8d785,Monitor,652.63,Asia,2025-10-12
5dda1c7d-92ac-4ca6-8d4e-45f0130b4bfa,f7636ef8-fb40-4be9-9ae4-38e67489b914,Laptop,313.23,Europe,2026-02-28
df9bc1d8-55b5-40f3-9855-88adb529fc9b,c3ab2711-7624-4595-9394-b7fe9c6f02a6,Phone,1361.36,Africa,2025-03-19
3b7124d1-13fe-4f9b-8e96-f01701cc8ec4,01cf3317-6b99-47d4-87a4-e4fe5aed95f6,Phone,1082.01,Europe,2026-01-17
88f48aaa-43cd-424b-8610-5e3da80fd7e8,ff6953b9-3656-4464-b7f3-69b15e49a86b,Phone,480.78,America,2025-10-13
825bea68-c264-4441-bb52-8f9271b1a3a4,150f2ec6-0ff9-49d2-aa8b-0d3f115295d7,Monitor,1584.29,America,2025-05-03
e0793068-2b13-431d-ac95-96c7c7418353,06383485-739e-42a6-89e0-a0cb8ce164f3,Tablet,1641.97,Europe,2025-04-19
d18dc787-5f4b-4fab-bddd-7a52215ac127,31520c34-f6ae-4243-8b8c-8b4819b2c0cf,Phone,1390.12,Asia,2025-10-07
fd9d0ae8-cae7-4822-bb6f-9e80b64b0ddd,4141969c-98b0-4e48-bb82-370f2f1fa12a,Tablet,1456.68,Asia,2025-12-31
f37599bf-e83a-4c0b-9516-86f2f7bee428,89a49f23-edd8-4677-8bd3-5e68f9a1b869,Tablet,953.12,Europe,2025-10-08
72b67142-6375-4ceb-975b-de2862cca679,cd948b4c-84dc-47cd-a1df-19dcfa9707ce,Phone,969.83,Asia,2025-10-01
ab2eea30-1654-4928-a092-52e163f90e95,1db1fd9d-719f-4737-bdcb-97472e52c1ad,Phone,643.69,Europe,2026-02-04
85bb5d10-e79b-487e-be58-07712f6f3274,70f1fba2-c6c0-42db-892b-60ae181e06c0,Phone,1685.81,America,2026-01-02
df9c4c54-3d32-4472-87b2-df91c072757c,0ba76d41-3cfc-4afb-94c4-e2d19cfb4cbd,Monitor,1133.02,America,2025-03-11
97761186-ba7b-45b1-abf3-b4f5fd08349f,f5564e6b-de8c-44a4-ad9a-573883445f78,Laptop,1449.16,America,2025-06-14
a66f90e7-a191-443f-adb5-6b7f0ea2d030,ccba8ad5-dd33-45e3-9737-85c9e122f237,Phone,1232.61,America,2025-09-14
5dca5fe7-f465-4e07-8b78-90864a2bae35,8b439680-8272-40df-8f59-fc9d2b4bb2ea,Tablet,1655.36,Europe,2025-05-02
15a7d69b-673f-4e04-8c89-bb2978515818,3722f21f-4a56-48f7-9865-32f3bbcfec00,Monitor,203.45,Asia,2025-06-16
0b69b2bb-9a16-49e6-9bc9-adc6d1bc00dd,b11e35ec-b726-4807-b7a1-aebb9cd9707e,Monitor,337.78,America,2025-05-09
bf543a64-daf2-4adc-93b1-e431a711a32b,fd2877d0-ec81-4ec4-80ab-1765b73ee650,Laptop,772.1,Africa,2025-08-03
97baa5d0-f4ee-48a9-a740-3ac31ea27bc0,31d6260f-8918-403e-871f-0b1c090fb11b,Monitor,1408.13,Asia,2025-09-24
c6abdc75-3548-4b03-b968-b58296bb3f1d,0ed26e4e-ce2d-4b73-a906-ae050a4267ee,Phone,1075.26,America,2025-10-31
2020d2c4-93e3-432e-a860-d439ba430478,3a62beb5-7d40-40c3-be76-69805dc0601d,Laptop,232.9,Asia,2026-02-19
d7d6cae4-8e4f-4020-b302-f7bf00a581ce,c9fa57c7-2d61-4848-9d71-7f031fade0eb,Monitor,1009.24,Asia,2025-08-11
b16c5cb2-e766-4356-85db-dfb5577f2243,f5fde019-f76a-4acc-9a84-78b158f10007,Monitor,1516.97,Europe,2025-05-20
aacbaad5-601a-4b92-81ca-6fd311608ff5,6f579747-51f3-4f30-9a92-a710b1898d9e,Phone,1223.3,America,2025-03-21
00bf7675-3505-4123-bdfa-37f8ee7d66a3,65df74c2-9a9c-426d-9288-262303fa0365,Tablet,594.46,Asia,2026-02-19
1147df75-1f65-40c0-ac80-366a25708b55,42cc9b7b-6bda-4ef0-af3a-5f756b12c24e,Monitor,152.35,Asia,2025-05-31
14a957cc-6464-429e-96d2-b81e6bb5dddf,7f5c2885-da83-4c7d-8d38-0c1a457f7423,Laptop,745.17,Africa,2025-05-17
fa2d0937-8cde-46ca-95bf-e0d0ead506b8,d95d08af-cf34-402e-ac7c-db498cda0239,Monitor,231.75,Asia,2025-12-18
0440d954-bc65-4448-b69e-6ae345100828,81ae74e5-072b-4b40-8158-2d1a3d59cef2,Laptop,652.27,Asia,2025-05-19
3480e452-04a5-4ef7-be07-ffd78a4d61a9,0ce85fb7-833c-4981-8ee0-438f0d3f95fa,Tablet,1506.66,Asia,2025-09-05
bc755478-9008-4baf-b217-394af65a0a0d,cec3c568-31d3-4af5-926b-16dba2481fef,Tablet,1014.95,America,2026-01-12
c4b5df6e-d618-4fde-9754-47b1a141bf93,34cc663b-5ee6-497d-9385-e06cdffb7a1b,Phone,1667.52,America,2025-08-03
39f12380-fd6e-4b77-bd6d-a571ceaab45d,73fdf626-ac54-402c-a1bb-c5f26bc0a35c,Phone,1067.17,Africa,2025-10-28
8f210f67-f43d-4428-95df-878341a796a9,e6653460-845d-466a-9d93-cfc25a2afc04,Monitor,398.55,Africa,2025-10-23
b7ba0b5f-3c0c-4585-a3c7-655366306828,ddf125c7-8587-46e9-8ae5-f2fa51e4803b,Phone,1001.86,Africa,2025-06-07
4cd613f4-360c-4c39-9e3b-260f0e924deb,9687428f-c5bc-4f9e-8265-e822b53b54c3,Monitor,328.56,Africa,2025-10-22
a2494ade-411a-4b92-8241-12a0aa4553be,c2602db4-b1d8-4028-adc4-0d48e295b396,Laptop,599.39,America,2025-08-08
f36bf033-cf32-434a-aecb-908e42818976,548e1fa7-4510-4b9b-9abf-f18b87c3769a,Monitor,1098.31,Africa,2025-08-26
111f7f82-f6bf-4b31-8cfe-13d5c2f5f1f1,d249d837-4ae7-4662-b809-780c0c55ca2f,Monitor,1586.73,Europe,2025-06-25
d6062b98-1d43-4469-baf1-f1b8e05ac440,602db2b2-a6d7-42b8-bd16-b79ed5f3e68e,Phone,650.57,Asia,2025-06-15
f78c943c-5b1e-46d3-92b8-3a8218177599,560f9cac-56d7-4e88-b4b1-a26fef004ab7,Phone,1916.79,Africa,2025-05-15
f1bd6b82-376d-40f8-82ab-bf334c4b526f,9699b2cc-936c-4818-a607-86650e8f13c8,Phone,631.64,Asia,2025-09-15
b433a68f-198a-4a9e-b3eb-7f150131436e,007b38a6-8f85-4642-8e10-2f47fd8559b1,Monitor,749.21,Europe,2025-04-09
dd6db3eb-af5b-4b76-9c18-f8e8c898e75e,5c6d681d-776a-4795-82cd-78b9b63fbcb1,Monitor,595.01,Europe,2025-12-16
d7ea419c-4c66-4262-852b-81796a97f8cc,e3b369b7-1e04-4bce-b884-26a48514c1b2,Phone,894.94,Europe,2025-11-29
14ce81a6-b1bb-4c10-9c4e-9ee546d5647e,05e62b87-0787-4ec3-8c8e-347b9f4ff090,Monitor,1472.52,Africa,2025-04-10
fd1b6252-a1c8-419d-b34d-8b9ebef1a1dc,18279b6a-6064-458b-a1a1-20491fb2fc07,Tablet,1457.3,Asia,2025-12-10
f5cc93c2-c5d2-4774-b6ea-38f62259da18,a7bb0314-18af-42a2-a31d-7517f6b3dfdf,Phone,1510.64,Europe,2025-11-04
052b1634-e8c6-40c4-9fc2-1a8f2f0483e5,e4f43b7f-9812-4e05-9a9f-fe374a0e2af1,Laptop,1611.82,Europe,2025-07-30
b8730485-8526-47be-add6-1532c0d93e45,b09dce42-f985-4bbf-94eb-afbc90aeafb1,Tablet,1820.27,Europe,2025-11-01
eb6a00b5-5f0f-4d5f-958d-cf085630f4a5,489d2690-27b0-404a-b009-729a78f77ed0,Tablet,630.36,America,2025-11-11
904d57f4-1651-40fc-97b6-a92f98187ed6,fbd0d95a-b520-4bf1-8826-a473d4a3d7f2,Phone,1832.67,Asia,2025-06-10
f5578be1-240d-4908-809e-3c3cef5bdcce,e8c08622-83d0-4245-b546-12fed0b6513d,Laptop,1184.33,Africa,2025-07-25
76140aae-4374-40d6-9bd1-3eb0a2f66fe7,5488b59c-6995-477b-8871-95ddd446bf30,Tablet,1231.94,Africa,2026-01-18
a0be6b3c-45ce-47b1-8c0f-4e2f0fbd8641,e263d1d7-9201-4955-a890-50c2bada7496,Phone,1068.22,America,2025-03-13
1cc1a676-356a-412a-aac0-aa6f8643fa28,494bcd1a-8afa-4c57-b1aa-633ef3387a0e,Monitor,704.35,Africa,2025-04-24
ffc3a0cb-9ed1-4239-9b57-f9ace2553691,9e321766-3cae-4df1-8ca8-57593b392264,Laptop,1542.67,America,2025-03-23
25428a6d-3b44-4953-b412-65d94c697410,a10de91b-4343-42a1-8a0a-77a9a6b99903,Tablet,680.51,Europe,2025-10-04
5aa10385-6daa-4ce7-a5d8-c20b07f88eea,635533f6-3797-42a6-9559-d4bc4a64bebc,Laptop,90.96,America,2025-03-03
53580f6f-391a-4a38-9f57-32371504acd0,501f0205-6a68-4d58-8ae5-c15ad7736642,Phone,708.32,Asia,2026-01-08
4a58bea3-4b38-4a15-8881-ac5fdbbfc2a6,e57093a7-f950-451c-931e-94a3931b43af,Monitor,1866.53,Europe,2026-02-11
0f6b49d4-5842-4e8b-9636-d950c2659667,d07b17d3-4fbd-4aec-9c55-26b03b811c9d,Phone,1751.35,America,2025-05-19
9657a230-8cf1-4945-ade5-688973b8362e,061a78cd-d87f-46c9-b915-b3be138e904f,Phone,716.72,America,2025-07-23
547eb4b9-e38f-4775-879e-6b916bbd640d,1f04f65a-f88e-4742-8e6b-9ffac417783a,Phone,1911.3,America,2025-09-02
1a2eb934-013a-41e8-bc75-f4e57c4c5d05,4a1bd218-beea-4996-b89e-8abe013031f3,Laptop,523.17,Europe,2026-01-30
0547eb16-8dce-42c7-a59d-9283705acc2d,d86e3e2b-b970-4cc2-b972-de1d39a4fabb,Laptop,1949.69,Asia,2025-10-10
60151e82-5405-491f-846b-343b57de908c,2b00cec5-15ed-4a18-9673-4f14be7df6e8,Monitor,151.42,Africa,2025-10-02
5f989618-3055-4699-98f5-06984731caa6,0cdc1d6d-5a3a-4deb-abfc-4834965ca71e,Phone,1399.16,Europe,2025-07-15
cf7b4d1b-2a74-48ed-ab47-188b287843f2,866ab685-b54b-454f-b209-929746adc7b8,Tablet,1836.09,Europe,2025-10-24
49f76785-b634-4a6e-a6e2-0dee94aa8a58,6426fd8e-cc80-4e65-996d-cfd509698b22,Tablet,1139.26,Europe,2025-06-27
d20c2aa6-b08a-47b0-afa9-4a93ace35ee5,739d70b6-0d05-4741-acd8-04c1cc4654dd,Phone,295.74,Asia,2025-08-23
f2b6b759-3d33-4a3e-821c-d1e52edb689c,69c98814-40ec-4307-b48a-d9346399fbcf,Phone,1403.27,America,2025-09-30
01d9e0bf-32a3-449f-81b8-6d360b2a1c22,05d6f1ff-f425-46ff-8ee7-001588dac5e0,Phone,1272.67,Europe,2025-08-08
d78e43bc-60a7-4c1e-b611-d668ac578735,2997a7b4-8bad-4a35-a1b1-c9c57be36031,Phone,1802.49,Europe,2026-02-07
cd14701b-00fd-4f09-8f02-e54a3e3ca3bc,93c3b47c-b2ab-4bcd-8087-465cc604ec22,Phone,105.4,Europe,2025-11-12
5b927cd0-1242-4d5a-ae0a-c8415fb6000f,8a883d07-7f38-4068-bdc3-6dd5a94632ca,Monitor,275.44,Europe,2025-07-09
ead0317c-ab64-4e6d-b9e4-74861a10c4db,06b6541f-ffa7-4f7e-8a65-fe0d7c8f27f8,Phone,1868.23,Asia,2025-07-03
51affef1-5a53-4932-b2b0-46bc8b247abb,3eeffcf3-bfc1-4b9a-92c2-533dce5d2e1d,Tablet,1534.26,Asia,2025-12-03
c1cfed0a-f580-4caa-b3c9-cfd2d8186822,ffb61f04-1bbf-430f-92cc-7f0e198049b2,Tablet,1263.76,Africa,2025-06-25
cff238d8-d817-4b60-a20f-b25faa3124eb,0cbe9163-fafb-471a-a249-f81394f7f0f9,Phone,1788.86,Asia,2025-10-27
22171989-ef43-46f3-826a-f6a45fb8941e,e1d33acc-44e0-49f9-9d0c-40586cf9af2f,Phone,1214.45,Europe,2025-06-04
97bbce7d-84a6-4779-b945-e77597843971,cb6f213c-a1fb-47d9-9627-35af8d68ecdc,Phone,1778.21,Europe,2025-08-05
8b6cfd24-83c8-4d9a-acda-044a1a40821d,d45e83a8-6ccd-4068-a727-47cc3b928aff,Monitor,1715.9,Africa,2025-08-31
0643d3eb-6ebd-4fb9-9286-a75acad0efd7,b28339de-086b-484d-bb1f-b5c8461eab03,Tablet,1949.77,Europe,2025-10-26
4ebff462-c87b-4942-b1aa-9700aabdcb74,8894af38-efe6-4b61-9203-00a5ed4cef3f,Tablet,847.62,Africa,2025-05-05
72c4e0f1-e17a-48aa-a87b-26d786d21122,7af318e9-4030-4dac-8186-2fca55450b8a,Laptop,332.87,America,2026-02-01
6aa79056-78cf-4bda-b5d2-f2641f9491c3,e2c2eae2-dfeb-4224-b8cc-105098952734,Laptop,883.05,Europe,2025-06-21
f96aa932-2b6d-4334-af89-18e0927660b8,03199c38-061f-4151-983d-014a22865b53,Monitor,239.6,Asia,2025-08-27
b9de43f0-96f6-4343-8193-748931a40683,2963b5d4-c806-430d-9a99-2bc5ef4ac8fe,Tablet,1071.08,Europe,2026-03-03
450bf42e-6e69-4d5a-959c-6ed4d668a97d,7e8db58e-989f-43ab-8f75-e9c98b0a59d8,Laptop,424.78,Africa,2025-08-26
2a26d113-37c6-4873-9617-120d0c97f4ee,82d5e08b-ea75-4835-9ef6-7bb6200274f8,Phone,1468.14,Europe,2025-09-27
e8aeca62-f571-43a1-8996-a570b1da8c3d,43b87986-05a5-4d8d-9ff5-aaa108947891,Monitor,1703.27,America,2025-10-26
e2d67fb4-62eb-4669-99b8-dfa31fb05d12,0cd21017-a225-4cbb-8db3-8bf861c42fd1,Tablet,211.28,Asia,2025-04-12
09720834-d691-4f8d-a594-70bb24e1d871,3c9593bd-88dc-48de-b4d7-f97381b9b144,Monitor,748.7,Europe,2025-11-06
1d74ea5a-4c8c-4c15-bef1-9f1783cade82,a84ed464-7fb8-4b4f-9282-b8ab221d5774,Monitor,360.83,America,2025-12-30
73f1c123-bed2-4f6c-8786-3a94ed313aa9,0f81fb07-f663-4caf-b76b-6fd948a40ed9,Laptop,507.77,Europe,2026-02-24
2a0b96c7-bb58-465c-bb4b-4dc4899a8e85,77313e17-f65f-4405-ae81-c8517809b8cb,Monitor,197.76,Asia,2025-07-28
a9296bca-f136-4567-891e-b04e1e17140f,93071bec-cbf1-4294-bbee-4d12a27e6893,Phone,1292.03,America,2026-01-12
b9c6b1c9-0f68-4665-bf5b-f4f46e088ba1,cb2459cf-c09e-45d4-98c1-8f9ce7337638,Tablet,1970.98,Asia,2025-08-14
e3b85112-f25c-4983-8cad-f1793beb42a4,9f8a59ec-ed38-4359-8ab9-f924e974ff71,Laptop,569.41,Asia,2025-05-02
0c15d380-551c-465c-ba04-b2b2295bc48e,fb44c8e8-8610-41ae-95b7-6cc1d460fea5,Laptop,870.42,America,2025-10-01
e86d4450-6931-44b6-9671-81b631f82e15,3e0c949d-ff89-4f0d-bd61-25dd6bf58c96,Phone,1774.68,Africa,2025-05-18
60ca4811-0dfa-409b-9e68-54e01a7501ec,e0e22bfa-379c-48b8-8503-6bb9757e4c4c,Laptop,1598.02,America,2025-11-28
4d40166f-8e85-4c44-982d-abbae8eb8661,648c600f-32cd-4cb4-8a4d-8e12a89f765a,Monitor,383.62,Asia,2025-07-02
d33ba278-b91a-413a-8c74-4070f79f4541,1939d0e2-ce4e-47d9-b82f-03b597f41364,Phone,879.78,Europe,2025-12-14
b5b5808a-c48c-45fb-aa85-d4ecfd7085b6,71224434-6564-44d3-aa22-0ae996118d4c,Laptop,851.06,Europe,2025-05-28
d51ff32d-447f-4035-9b72-76ae44263d71,29628638-05c2-4fd0-b699-89a0c8751ef3,Phone,954.59,America,2025-09-12
446b7eee-37da-4e75-9b11-bcd7bc3dc1e6,649db2d0-545b-4e6e-a50e-594d32fb6d91,Tablet,312.86,Europe,2025-05-03
406ab28a-b4a3-4ac7-82a0-acf68b5f2321,8a0044da-c650-4c67-965a-f244d16c90e8,Phone,904.13,America,2025-12-02
df861af8-109f-4e1a-b481-1a330a463e1f,475c4d42-004b-4d00-87cf-6d425ca14395,Tablet,1615.39,America,2026-01-11
ad21d3c5-e2c0-4803-97d9-21d6b8411085,aefaf4a4-ff0d-4e82-9508-e801c8b008e4,Phone,1890.14,America,2025-05-05
cda39cd4-5f53-487e-adb9-73c66c73b273,6be1a752-cbc3-4a85-b401-89791fc453d7,Phone,866.69,Europe,2025-04-21
b630759d-fe9c-467a-b38d-0be476fbe5e9,d8c2bd84-ef6e-41d8-9b09-06cb03216f10,Phone,1128.72,Asia,2025-06-02
ad5fa197-fd6c-4c97-aac5-55f6530558c0,a6d0995b-72d3-4e7b-9d5f-75567fdcb128,Tablet,1972.96,Asia,2025-08-03
65235769-2cee-4f6b-81ab-29af2e07e19f,0c772f6b-9968-4f8d-9f2e-2bca042942af,Laptop,679.22,Africa,2025-12-09
a71dcf91-dbfe-402e-9458-c6920fd81e7e,26e760e9-e181-4ba7-a3e6-e0253c31890d,Tablet,150.14,America,2025-05-29
c5c41586-162b-490b-85b5-3a2e02fca241,d935ed2d-ef50-4d8d-98e0-5fbd7d96a922,Monitor,593.98,Asia,2025-12-22
f4883d16-ff49-483d-894c-4abd7631a0a5,2412cec8-f78e-4d2b-8ac1-ee1e66fc7f2e,Phone,1371.45,Africa,2025-05-19
5342b3e5-656d-40d9-ba8c-447c7bee7c80,8c74312b-6134-4c90-bff5-6f0d1b13a896,Laptop,556.17,Europe,2025-04-17
81ac1fb5-c7c8-4f30-a3c4-c120ce7d5a66,564ad70e-af25-4eac-97ca-70d8bf10e078,Phone,736.97,Africa,2025-12-21
7d22fdaa-5e78-4e11-98fd-821ac593c448,2f9e31df-62d3-4990-913a-3596bf5bc54c,Laptop,969.73,Africa,2025-03-24
4e857393-fa18-438a-8bbd-873c8ca9948a,e1b7b87c-3875-409a-a65a-4b8a4f7782aa,Laptop,533.7,Europe,2025-03-14
eed86c8c-5773-4088-958c-31f8ca77d0e0,6bc9ca97-4297-4cf6-b32b-11acdbbda21e,Laptop,874.61,America,2025-05-10
2777d708-8f81-40ee-9334-4b1f7ae38780,d9b27530-3ff6-4154-aa43-6bba295f4a09,Tablet,153.91,Europe,2025-03-17
556f10d4-4984-461f-8fbd-cc1c59667dfd,bbb49f83-1845-4d20-8f1c-18ca77da5310,Phone,1392.51,Asia,2025-10-19
402012a6-103e-4d56-ae17-40cb57050987,bf275acd-d0f6-4dda-a260-a38cc36dceeb,Tablet,1590.06,Asia,2025-06-20
3721bc0d-7d2c-4f7a-b4bb-7e17ee960297,0c622ea1-190d-41e4-9426-c6c5ff2f0252,Laptop,391.35,Africa,2025-10-27
3387cc76-b291-4238-a6a1-d735cd6cb56b,de7916d4-1bad-4038-b56d-bc159fec5da5,Laptop,1548.08,Asia,2025-07-10
f07fafe8-7cbe-45dc-9df2-124d0f04a63e,89e84a30-1027-4332-a148-01ea0d8fa9cf,Tablet,1102.48,Asia,2025-04-12
64bff7f3-766f-4319-9e91-03fbea216ae9,cb844845-f034-4880-a6f2-7b927aa6c692,Tablet,63.03,America,2025-03-14
42d31373-73e0-4efa-89b5-cb9799435209,05fa1a08-dad2-4a3a-8609-8a96bd65d44a,Laptop,1726.73,America,2025-07-13
117407de-41ca-4f23-bd48-ccb834a281f7,34dca905-046b-4d0f-aa6a-02eb172bb972,Laptop,1297.17,Africa,2025-04-17
5d18d0b3-1332-42f9-8cfa-a2e6644c4789,6ac366c3-92a7-4910-bbba-de4d511b4166,Monitor,913.33,Europe,2025-06-03
7f2712d4-1958-4591-a2cd-02aac4e14bdd,5a08f370-94a9-476e-9207-6e1d548cfa08,Laptop,240.98,Asia,2025-08-05
54ec0a3a-85a6-459b-aedd-22f2d9b19c2a,c25bceaa-7122-45c3-b403-b6e265b41322,Monitor,1452.63,Asia,2025-06-28
e7efade8-c8a7-4add-9112-4c342e130b50,f846dd34-86c0-4ac7-8f2c-d59dc1c93730,Tablet,995.9,America,2025-07-14
27bb81f8-4ca7-47a4-8d45-5fde3185d140,d3c82db4-b62a-4844-9978-7cedfc061162,Tablet,1659.23,Africa,2025-07-29
f1dc8398-c3fb-4b76-9abd-8134ef539cb3,9e9532a0-1d59-4487-979c-731157aa00bd,Phone,1719.25,America,2025-09-08
4d73e13d-ef66-4b02-bf3b-34ecabed5f76,11c2fb6a-184e-4ad1-a194-6008a56270b7,Monitor,1689.15,Africa,2025-05-02
ce0be02b-6d80-447d-9026-0c87dfec801c,cefab59b-e305-48d9-a58f-9e21a9e40558,Laptop,1837.47,Asia,2025-06-09
360e9e10-e1a5-452e-beec-a9f635d071ad,dc480600-8adb-42ef-8b74-13676b51b1c1,Monitor,1796.33,Asia,2025-12-06
bb7f44f1-5b82-4e48-b684-4d563a31a18d,7b8fecf8-571e-417b-854c-6e074eece9e3,Monitor,490.45,Asia,2026-03-01
84721cc8-db10-427b-8ce0-0bbd8b5a452e,69d31110-27b1-4438-a7b8-37e3a01d494d,Tablet,1574.35,America,2025-09-25
79272525-b9ab-4aaa-98d1-226b8c776ca3,03c1645a-2acd-442d-9f50-1babd90fb1e9,Phone,1622.38,Asia,2025-10-28
0ac31a78-7d27-47d4-9ff8-c4a07a447bd9,aadd7b4e-59d9-423c-abee-e265095dd8f8,Phone,819.33,Africa,2025-05-28
f40a8269-cea8-4ba5-9105-a1a1b6adf947,8177c527-0d63-401a-8019-228c3c4eca4b,Tablet,1818.47,Europe,2025-07-28
caf44839-a325-414e-ac88-2f8151f31d96,9b6eeb00-af73-4bc1-8167-2806991ab566,Phone,1760.28,America,2025-08-14
97d9030c-5e51-4cc4-984d-466d361a2bc7,b0c9abd9-0d58-4378-8523-083c8b2b1d80,Laptop,527.56,America,2025-04-22
5e556ce1-2925-498c-b208-1e8027ccbd37,7f5f1764-5443-4bf3-a2ea-7cc6e2706e10,Tablet,550.88,America,2025-03-03
13bf581a-c393-40ad-a830-3fa0b023352d,0d5c0557-aac3-446e-8a7a-e2c8b7e6d941,Monitor,959.01,America,2025-11-19
5805ad27-67ad-4bd3-a3b7-9506ae5c18ff,6d875b41-ed65-4c4d-8d0a-a3901b0984be,Laptop,509.66,Africa,2026-02-17
f0589c9e-064f-4d9e-8e75-a999b0c2d448,2bedf6de-db50-4670-b562-86477dcfc369,Monitor,1023.17,Asia,2025-11-28
d4a7aa81-dea1-4051-8649-244a12ca1638,8be454dc-9599-4b5a-a20b-2c3ca2a87483,Laptop,759.45,Africa,2025-12-01
11c7c81a-3915-4bcb-80bc-8cc2b95b1547,bec7b334-4e56-4d50-ae2c-b7a13213fc71,Tablet,581.2,Africa,2025-09-15
45d43d9f-47da-4f01-ae6b-6aa43a25b4f7,bd9e022d-df17-49da-b340-9064088c46fe,Laptop,286.37,Europe,2026-01-02
efff1ea2-1d5f-4490-bba6-f2ccefa19d4c,e35dc227-ab61-455f-ab80-f9afbf6e12c7,Laptop,722.66,Asia,2025-03-11
10f22540-fa15-4375-92ec-7fa2b473ca4d,5a5e9aa1-b1c1-4007-9fb7-df9c7aafee85,Phone,1079.92,Asia,2025-03-13
b99bbe5f-296c-4621-9280-48247ebb971d,d07f06b3-e766-4b50-9c8a-d49f67078707,Phone,1007.8,Asia,2025-12-20
29500adb-d076-436f-8b02-6e145febb313,9a8138a5-fb73-4b9d-a87c-7c4099a1fc0f,Tablet,272.72,Asia,2025-05-19
314ea591-8da9-4c8d-b845-deceaf4f66e8,c26a63b2-79c6-4892-9a0c-8d2dcf689e91,Phone,1293.75,America,2025-05-04
52ba02e7-c1f2-4997-b7c3-a1c1d1cc7d4a,f5d39203-92db-42a1-88e1-66b1eec29ba4,Tablet,1387.87,Africa,2025-03-17
09641d34-0016-4e6c-b017-2ffbae2d78a0,73f055c4-bbd6-4601-8e93-cc2744e80389,Monitor,683.33,Asia,2025-07-11
15b13351-1c36-496f-a703-462067822187,afff7fb8-8a45-4b80-af5e-74f2f386d01d,Monitor,1694.65,Europe,2025-07-17
c3772971-30f8-4c5a-8062-ea1e4580d5af,13bb581a-627e-4c08-b203-cd3c7a8f306d,Phone,341.82,Africa,2025-09-17
6338838a-bd10-4ae5-ad00-0a847989a90a,56293e3b-412c-4ec3-b0b4-754e0d704933,Monitor,1459.67,America,2025-11-15
ffaded9b-2692-4fba-97f8-29db1afb420b,45bfcdaf-30e7-46c9-9f7e-5a05295c5ee2,Tablet,555.13,Europe,2025-08-18
9fe9acb7-e4e2-4436-8a00-6b410ee5980a,830d8fce-d2c9-4c3f-bbe2-9d4fe3f214a0,Tablet,1198.65,Africa,2026-01-08
99a4529f-c7e7-4e9b-adcd-2296bfc92025,6dbf2be7-32fa-4fb4-bc79-46e228bc95b0,Tablet,1147.43,Asia,2025-09-27
9469292d-4497-4573-87da-ba916c9b403a,8c25505d-08bb-4737-9930-f0851e8d0b29,Phone,188.42,Africa,2025-09-30
cae0a8d8-543f-4a84-8e25-283085ef05cf,c6a6cebf-05de-46f6-a510-4ce43d983374,Monitor,60.37,Asia,2025-05-22
a7020495-3174-4d7f-ad74-40e5ed4f40db,7ea120bc-71ad-46aa-8031-532981612155,Phone,263.08,Africa,2025-03-20
e0043c6c-b475-491c-8df5-e5180c015fd9,9d4e9968-a749-4c40-9df8-46a17bdc2c44,Tablet,1330.57,Europe,2026-01-16
bbc49a25-b2fe-4c95-bfb8-4f23a2265f76,983e3803-ecf8-4d4f-ba8a-4644862f60d2,Tablet,1208.28,Europe,2025-10-15
57385ae4-4444-4455-b932-0a6bad8ebb48,c4e63f9b-f242-4d3b-9c38-ee527d79db2a,Monitor,392.55,Europe,2025-12-05
9d55ab53-94b2-4c89-b397-69a3136dc74f,3174dd3b-be38-47cb-81e2-58ca67e5c2d6,Monitor,1530.09,Africa,2025-05-31
ec19237a-0506-449e-90a9-876123c66aca,47fa6840-a060-4b67-a714-4b558e5a5e99,Laptop,590.21,Africa,2025-06-07
3835350e-16d5-4466-98af-168af97166c9,d80864ee-3030-437f-bcf9-9c1b332e80a5,Laptop,1043.29,Europe,2026-02-08
02563507-f9ea-450f-87ac-425bd7209299,8b16b268-d587-4b66-9560-afab63bb3d66,Phone,1317.56,Africa,2025-12-24
ac426868-bc9e-439f-b5b5-3363da1af373,b3de740c-9b1c-4ac6-a5c0-26ca87d53664,Monitor,935.15,Africa,2026-01-25
a6e3c31b-bfa4-4232-80e8-ba38fac57f34,ae66416b-400b-4bfa-a114-20bb750449c9,Laptop,1370.18,Asia,2025-06-01
d8550961-9cba-432c-befb-66b3bc8478b7,6f1ba9cf-5e5f-4ce2-a634-d13450d1db7e,Laptop,1431.61,America,2026-02-08
6f7b9623-5089-4fea-951e-8ef342b0c1f1,14c042d5-9840-45f2-b408-2e9d1b7d3072,Phone,740.71,Africa,2025-04-21
e6b69cd8-30d9-4131-9adf-ec368fe6ce75,283847b3-dd6a-4d17-ac1a-1567d32d9cb1,Tablet,1791.29,America,2025-10-01
9008e48c-5f35-4ee2-9d5a-7729f66cef87,326beaca-06f3-43c7-b877-a76fef410a8e,Phone,1799.35,Europe,2025-08-18
5e48e318-d0bd-489f-bc19-8f6940943e49,1350ea8b-22fc-443d-a8a3-f500815a7fe3,Monitor,1001.65,Europe,2025-05-04
c192f9e9-1f64-4663-9831-cc306a7cfdd0,a3658cf0-60c1-4fc8-b915-b5d9a20337ae,Tablet,887.72,Europe,2025-04-26
caf9cfb2-b731-41ed-b673-eb6a943b480c,a1105496-43e6-47a8-b380-dfaa8cac01af,Tablet,1355.55,America,2025-09-07
5a7202fe-1b40-447d-abb5-124c5e838dd3,7773aa71-9bc2-4df7-85f1-55600e6e1944,Monitor,280.95,Europe,2025-08-12
d7f51a5d-9473-4c0c-962c-e1f7dba71f1b,70438866-ca15-4e24-a8f0-01727af1cae9,Tablet,1269.01,America,2025-05-27
99c4b4ad-c5b3-4b43-9633-d720b17efd8e,b3600ba0-e461-43e2-855f-f318eeddabfd,Laptop,927.96,Europe,2026-02-11
c53ded7a-1f8c-4bd4-8acd-c37aff4f5e49,77c7babb-44b2-4b5d-8015-ec2c7bd250a4,Monitor,1074.15,Europe,2025-06-08
5b34a6ed-2140-4790-b3f2-d4c0d6cf1d21,ab524ebd-eb11-4b34-9ed7-f21d98af2fd9,Laptop,463.71,Asia,2026-01-20
0cfbdad3-4c8a-417a-b6e9-0f17e309b6f0,65042ec9-fdc5-48f7-ab14-eff4a33a5fa5,Laptop,808.87,Africa,2025-08-18
0fac6fcc-a82d-4593-b7b1-aaebdc304a62,df029945-a216-4d31-a00d-b3c97f4531b0,Phone,1713.67,Europe,2025-11-17
fc966433-a759-4b26-ac31-1638df99b85b,bc3bba61-acd9-4fcc-a6d2-3d1376af977c,Tablet,1796.85,America,2025-09-05
5fbb05ad-b454-4523-af8a-7576f3f4df99,3eaa80d4-1da8-4335-9a3b-586e84d9433f,Laptop,1445.68,Africa,2025-10-14
a1660818-274c-42f1-9f3e-fda3a2e7bca3,e8e4cd4a-6c55-41a2-a846-1890170c2bca,Phone,371.29,Africa,2025-03-26
891b8a20-cd4e-43fb-b654-5512f4cf432b,07f565ae-b148-45ea-80ae-e18412f428aa,Monitor,326.95,America,2025-08-01
4c80d68f-1a1f-448f-8788-c3c4bb9b2e48,c5a0460c-4597-4dc7-b149-caf93823c031,Laptop,1262.78,Europe,2025-09-21
7160b958-a0d4-476c-943b-949968927c04,2cbf065c-bfac-4e00-92b6-635ea912efa5,Tablet,967.8,Asia,2026-02-19
c6dfe17f-c403-467b-b33d-dfe8509a1f3f,f4588dd4-6df7-41e9-9a9d-b74105d69180,Tablet,757.83,America,2025-05-31
ed34e036-098e-45dc-b55a-d867cc5d4b62,aab2c1b0-dc34-4405-a360-748d843e4433,Tablet,1840.76,America,2025-09-01
ced59261-5f47-4be6-9fb2-3dfdd127b4b8,0c843134-8657-45cb-b785-cc98452111dc,Monitor,332.27,America,2026-02-19
6e757728-bfa0-4c8c-953e-a22c72aaaa9e,e2f080cd-7c95-4bee-809f-94df7d2490fb,Phone,1629.0,Asia,2025-10-08
2a41968e-d1c6-4c82-8d57-22fdb2cfa9ca,a9b827c7-849c-46d8-8632-39909b9b7401,Laptop,1880.47,America,2025-03-15
90219153-5e4a-42e4-affa-7d9deddc42b0,10aca82b-5d02-4b8f-b697-6f183305e693,Laptop,1617.05,America,2025-07-01
e55e6cc1-5927-4774-a474-a6638a8878f9,9369ee21-e923-4b8f-a39b-be18cc7d3c29,Tablet,939.12,Europe,2025-07-30
493cf8f2-e6ff-4e2f-b481-def04985c71e,e2783c34-f544-4eaf-9edd-7fea745584f3,Monitor,144.94,Europe,2025-08-18
5c5519d1-7bdf-4e74-9929-f8a75b42a429,7a1e7215-7b57-40ae-ab5a-bdc66d41a5e8,Monitor,1859.9,Africa,2026-02-22
24e4a841-8533-4a9f-b6f6-c2843e98c087,4143904f-7523-4385-85ab-b5c0bff433d9,Laptop,1362.39,Africa,2025-11-12
4d358328-00ea-4eeb-a1ce-8ea555c94f6c,39be2ddb-273f-4a58-846c-bd16e63f97a3,Phone,750.64,America,2025-10-03
f39fa594-4d0b-4623-8cf1-dfe9eebc9c96,30098b8f-34ea-4454-a6c3-c8f3a3fd1a16,Laptop,983.93,Africa,2025-06-13
ffd8d1f1-d146-4481-b6ad-e1b3b6f56928,f9e683dd-e983-43f1-9c67-bf8ea5e64d7d,Monitor,121.76,America,2025-12-02
da6dbcd6-7e2c-4b58-a912-71b4646e6d3e,ebdef8e8-bbc3-48f6-bbc4-020c02de6bff,Tablet,162.67,Europe,2025-07-19
e384b0d4-6efe-4a18-9e02-65183e7ebda4,e057b073-6dc5-4828-b266-0542ef42b155,Monitor,1076.51,Africa,2025-12-17
e069d31d-743f-495c-ba3e-ed5fc008fbbd,43a488bd-53c7-4ce1-aba4-329ce8ce9fc4,Tablet,596.05,Africa,2026-01-01
46fc41fd-d6f7-43ef-a29e-b7e41644a6b4,93ea9c69-c84f-43ad-9fc3-3e1f997da08c,Phone,593.64,Europe,2026-01-25
bf8fa402-d6c8-410a-af86-78b63b0cc6b9,93c49c1b-b9de-4e66-9564-086ff143ee6d,Monitor,192.12,Europe,2025-09-01
2135bbfa-b469-4443-bace-874a00840653,454174dd-5762-4849-9aa2-4839444d1ae8,Monitor,1272.35,America,2025-07-18
be5128f3-3ab7-47dd-948e-b9a39aae4d71,9997a69e-91a0-4d94-81a4-e2e3468fe992,Tablet,1403.96,Africa,2025-12-01
a1aa1eaf-e049-47e3-8a5d-b618eb9522d5,6e20cfd5-a8d0-4e17-810a-3fd241db774f,Phone,399.68,Africa,2025-05-21
4b61016e-ecb2-4001-abd9-b4dd82d34b59,83cbb5fe-ce6c-4d4e-8e4d-11d1dd4060d2,Tablet,1325.5,Europe,2025-08-05
4edbcfc8-a849-4bdb-b97a-dec5c9522389,07c98aa8-338f-495a-b5a3-b15f1c7f357d,Phone,676.92,Africa,2025-11-30
32361205-441a-4258-b286-64cab356832f,54dabd93-cfca-4f5d-b3ed-38f722318178,Monitor,1998.52,Africa,2025-06-24
2a2ebc70-6339-4b39-a57f-bf0f74d2aed3,ed6bf0d5-f970-4c9c-9d99-fcbd3c9923ca,Tablet,296.77,Asia,2025-05-19
adc6fc88-c6a2-4ff1-bb0a-ba1294e31f0f,581e06d4-b4dc-45c6-99ef-8f500d4655c7,Laptop,326.33,America,2025-05-12
a371efa3-7256-486b-8ea7-92682a0ff54c,84a36def-6d14-4371-a517-b2cbfade326d,Laptop,1507.54,America,2025-07-25
25cb94de-d900-4950-9993-42fb00ec90f4,12d08f20-62ec-436e-85ac-9323a7c0c642,Phone,1421.44,America,2025-10-30
bc3602db-c0ae-4d9e-b00b-ebf6ba7c45a4,edf66208-b8eb-493c-96a8-ac6464011ce9,Laptop,1306.58,Asia,2025-08-07
5fa07404-fc81-4f6f-95fe-df404fe3f0a8,d4033f39-3896-47cb-a1b7-9bb50fa41ca0,Tablet,1541.01,America,2025-06-14
0b01fcf9-ed5b-4303-b6ec-38715dc490c1,477605e1-aa4e-49d3-8e44-128a86f9cc2e,Phone,646.56,Asia,2025-09-28
f61deca6-785b-4d49-a63a-edefab5ac8b8,51851480-8367-4c86-9ec2-dfac14bd7d68,Tablet,1399.17,America,2025-03-29
40b1c66c-fd47-438d-8645-e90985d76f4f,a46892c2-5414-409c-a351-81def640391a,Tablet,661.15,Africa,2025-09-03
13962817-e340-4123-af0e-96d325fd96d9,a0a94fc3-690c-42dd-8749-c5993c65e6df,Tablet,1286.03,Africa,2025-07-29
03046f90-afcd-4790-ae50-8fa75a592971,73f159cc-b44d-4ff0-b24c-83010ae4ac12,Monitor,407.87,America,2025-09-19
832bccc7-bba9-49f5-b203-30888cd3167c,ee7865c8-0ffd-4e57-bf8f-b961dd397470,Monitor,214.62,Asia,2025-04-25
c370d210-9772-44be-a018-86df047371c9,9678c6bb-1630-4c9d-b076-d1fc8fcc12cf,Laptop,1497.72,Asia,2025-11-20
74e233bc-b467-4b3a-9641-4776a8d84679,517955ef-bc62-4e60-aaf8-15aa17ecf1b1,Laptop,134.23,Asia,2025-08-13
be482e88-8e28-4a86-b2a6-42c8c1ec5f6a,f8af17f0-b3e5-4002-9bfb-7345b6532dd0,Laptop,788.99,Asia,2025-04-30
3b7c9dc0-3c79-4556-bc88-2a875b4e83ae,4ffefc08-67fa-4788-93c4-6a65a38710e3,Monitor,1000.12,America,2025-10-29
fa46b13a-3287-482c-90bb-7a922e85c156,d8d52a86-0dad-45ab-aa55-837374cafe16,Tablet,1427.15,America,2025-10-07
e1aed131-d754-4243-a67a-9de821248b43,d89382f3-c2d7-40b4-ae58-fee63e5f3f9b,Monitor,1637.89,Africa,2025-11-20
5418d7f8-f491-4ec5-8f49-dc6e031bdb11,2b8fa5f6-14ef-4b64-a521-17d0f0f6b449,Tablet,1597.91,Europe,2026-01-18
0e3a9f0a-574d-436d-91a5-c34f2108128a,bfd30346-9e14-4cd3-bb95-17c83830ea8b,Phone,200.54,America,2025-04-27
0e831ffa-4303-4e65-8d50-429e81a79c24,993d2a66-8731-42de-b9c6-a1bbdc364701,Laptop,1164.61,America,2025-03-12
f01390fa-9e50-4c72-82e9-2c5bc2675230,0b2cb557-a041-4d2e-b62b-5cb76ea99d0f,Laptop,1875.99,Africa,2025-11-21
161ca257-7883-4b90-a3a8-3d4b552839a3,c5c0e00d-1e29-4ec3-a12e-0d6a79309a57,Phone,1551.31,Africa,2026-03-02
6e272b2e-a298-41f8-a90d-a9ab5b763780,1bbe2f86-b839-4777-89df-ffa0c3dbd62e,Laptop,763.68,America,2026-02-21
7b8c755a-a08f-4eb0-91a9-8498e644143c,09f718b9-a2ba-4e8e-bbb7-6f4971e2ca50,Laptop,1427.17,America,2025-04-23
4da39aa5-c752-4ec2-b3d9-2b64769fd031,cc3cbb6f-7f1c-4f88-8f69-e35cddc422ef,Phone,111.23,Africa,2025-12-12
7fc98c5e-658b-46b5-96d0-7d91cd6ce928,4f21a799-c36f-4305-8893-2beb8bf3c656,Tablet,1940.07,Africa,2026-02-12
a557d7b2-6e25-4089-b26e-c2c5a06d073f,5e7af922-f697-45f0-83f5-9a06bbf16a96,Monitor,1723.16,Europe,2025-11-12
3bd56356-236b-47a7-9712-d088cd8bca7b,efb38f74-565c-4d11-93ac-b057ddea48ae,Monitor,1308.04,America,2026-01-25
33483a12-4f68-4c29-a0ea-5a533e9da7f2,19fb1c69-5e03-4c96-9d8c-4003b63840ac,Phone,1288.84,Africa,2025-09-01
4f1af149-b1cd-4f69-b657-2b21243cd25a,991dfe41-3015-4ca9-a910-47c8f54f60ed,Tablet,669.52,Africa,2025-10-01
b0c0bbd7-5960-4784-a46d-d32572946468,b6dac829-5f2c-46a0-a040-10918b5ef605,Monitor,854.54,America,2025-04-23
0e5034dd-9f8b-4e28-9f82-168c9b0b897b,475e2bd2-caf8-4cd4-a667-c05245297870,Laptop,351.77,Africa,2025-09-23
10115b1c-0167-49f4-ba22-cc440c7f0a70,c1bf9463-ae94-40a5-8c4e-bb63639b579c,Monitor,1772.04,Africa,2025-04-15
70fd6a53-4bde-4f46-9e40-12da4806317a,40e757a8-1151-45bb-884a-e814eec3dc99,Monitor,780.9,Africa,2025-08-03
67c9abef-9ae7-476c-8e8f-67441466e0ac,856aab97-9530-4973-9995-b939b529fbec,Monitor,284.68,Asia,2026-03-02
8ec14e56-f3b2-4ace-9845-c8ab3454a578,c95b961b-8c53-402f-a598-83b324cc2811,Laptop,581.1,Asia,2025-09-21
993471a6-318c-462f-bc7a-1e8fec89588a,2157a798-59be-4c8d-b910-df70a67f854f,Phone,1674.16,Africa,2025-12-31
ef21a472-43b2-43fb-9223-6c0b43f5799b,9d7c6ddb-1d0f-455c-8f0a-4b18f1969e88,Laptop,1356.24,Asia,2025-12-25
511b86b5-cc19-4168-a963-71898032c746,dda6cbfd-b601-43e4-bad5-3f47a2d432de,Laptop,1142.65,Europe,2025-06-03
37c051c9-23b4-40b6-b86c-de46b0df20aa,4d29b89e-a053-4d72-a280-db4df4dca8a8,Phone,783.54,Europe,2025-08-10
251f7102-42d3-4b9b-a664-774525d02289,abcc1b62-3653-4ccc-8d07-6a29ba7f7fb2,Tablet,1197.13,Africa,2025-06-02
39c78bdb-4c42-4712-8616-400d16eb2c0f,429b1c58-1995-47b6-8295-ba3817c0d196,Phone,1584.39,Asia,2025-11-15
05acdf5a-bad1-4a01-98e7-259614e282bf,f3046a88-7923-458a-a192-5dfd66080e5a,Laptop,1555.19,Europe,2025-06-26
3f43a303-404e-423a-a0a1-2ce0c8f01d8b,0551e7a6-87cd-401b-9ef2-a7792c79b6bd,Monitor,1765.8,Europe,2025-09-26
fa1915f9-28f9-4af8-aa52-65f285f67f10,37904c83-c784-4cc9-bdf8-4c3b2f1b9a1a,Phone,580.99,Europe,2025-10-12
688b232e-d8f4-4983-8237-40445e630dea,a06d23a3-cb70-4052-ae17-7253c9ae207d,Monitor,918.62,Africa,2025-09-19
c8d40bc5-6152-4487-ba97-6cecca654be9,f96ef4df-26e0-4b5b-b5ef-a9ff0db5c73c,Laptop,74.84,Africa,2025-11-12
97afcd2b-3933-447a-8b96-39d27aff72bd,0d4fd27f-d0a9-460b-8912-4fb4590ef8c8,Phone,100.25,Africa,2025-12-01
6092c16f-8c5f-41c8-ac9b-bd00e63403b2,892c5912-0230-4e19-80ba-8c44104e4b68,Monitor,228.13,Europe,2025-04-29
804f6a05-89ad-4b5d-9b1c-560aca5a4ef7,a876354f-2850-4d65-9a8f-58138085e1d8,Monitor,1472.41,Africa,2026-02-20
afeac02e-d568-4255-a561-e2f8552a9a72,1c68caeb-d23e-448d-9d8e-a254589ce347,Tablet,1384.54,Africa,2026-01-14
5dc029bb-b22d-4d6b-9cfc-6d49824a529d,d21eabd0-36a5-4e1d-85c0-fb9fcdc1f162,Tablet,349.88,America,2025-05-02
08d1afce-71a6-4aa2-8fc2-7e9365da264a,1ba1a457-d72c-4a5e-8b30-7a653d110fe3,Laptop,641.23,Europe,2026-01-13
2f3f8276-aa55-4300-9a84-199723aa136e,a0668540-3dc0-41f8-a452-2b810b6fd825,Tablet,777.54,Asia,2025-07-10
b2978f3b-5913-4719-a8cb-3e1208636dd8,3773c0ed-a32f-42ac-b327-207c75cfa654,Phone,998.17,Europe,2025-09-08
279abd5f-b682-4f8a-9686-bacf2636e729,0546fb17-a760-407a-8009-9edf9d5e83e7,Phone,296.73,Asia,2026-01-20
7de80ff8-4fc5-4676-bef0-a9d6d1fb64dd,6b8f2f0e-824e-4b19-ba56-41f4303a3ddf,Monitor,493.37,Europe,2026-01-03
9c636e76-2b6b-4ab4-8678-143df3ce5253,3f3d787e-bc16-4e91-a1e5-d830fe92aba7,Monitor,983.2,Africa,2025-09-15
3b81c16d-ec00-4ce8-9a32-18c39e63c059,744135f9-bddc-4cf1-8717-25ae305a9ac7,Tablet,1920.66,Europe,2025-07-07
ee2db98e-f986-43c5-8c45-5c6857e71cdd,249534bb-e04d-49d1-8dac-6c1a72a902a3,Tablet,640.35,Africa,2025-10-19
5fed2bd0-47ec-40b0-b60d-f9db54a31bbf,ec3d65bf-72f5-4277-81c3-06d9b5fd630e,Laptop,1807.97,America,2025-06-28
1636fe93-84ce-4807-8a5e-d64976fdd25e,faa89d41-1ebd-4e00-8da3-9d06262aef7f,Laptop,240.54,Africa,2025-12-03
4b6a122e-a90e-4dbc-a613-d11737aef5d5,b2960993-c928-41b8-9fdf-d2925aaf0e5e,Tablet,258.09,Africa,2025-11-01
f8103432-0435-407f-bf7f-1d41d2f45051,18edc82a-19a2-4c0c-8617-aa69f91f8f76,Phone,1807.91,Africa,2025-06-15
2f3526f0-e0fe-49f0-af44-cc520cf2e47c,c0d379a3-69f9-487b-8348-039ec9af991a,Monitor,920.44,Asia,2025-10-03
71cc3ba5-14d9-4dcc-8cf9-3985d1441fe3,45d0e477-3661-47fb-b550-6378d11b31bc,Tablet,734.91,America,2026-01-02
3c170e0c-668e-47bb-9101-37f59da00f08,ed3e1ac6-8cbd-4203-8299-3a1fdade5dd3,Laptop,432.61,Africa,2025-11-10
087a10ee-7222-426a-8ce3-fdde148e8700,9e8e7a50-3fd1-4989-8c5e-90fb2e9e28a5,Laptop,1496.71,America,2026-01-10
a1bb871e-cc9f-43bb-bdf6-bfcfe322d393,1070f08f-94c4-488f-99d7-9829b74fa152,Tablet,1992.7,Asia,2025-08-17
65d5900b-c2f5-477d-ab6c-9793fb3e9f0f,44a75fee-37a7-42b0-a3f8-3ed7bdd5e8f4,Laptop,1804.48,America,2025-08-07
1e9b869d-5358-427a-9506-1a6559120221,f6da57a3-0edc-4292-a38c-92f046f91f53,Laptop,214.03,Africa,2025-12-11
88779abb-9efc-4f08-80d2-3c9f91f61682,c46a12ee-7b1f-4b18-9eec-4a3cec78269e,Tablet,1031.65,America,2025-08-14
e3260055-5b1f-46ea-98c1-96b5673c6808,cce3501f-57bd-4015-b5d0-7ab5cd627747,Laptop,1343.43,Africa,2025-08-27
3e2d07ea-56d1-4ccd-aeb0-f4871789d49d,433ee217-d476-4d42-8dd9-ef592af54129,Tablet,1842.24,Asia,2025-04-03
de15b69f-4616-4d01-b3a8-cd7c7edd39ae,d0c3b4e0-ba6e-4366-af49-9e9a8f573471,Phone,664.16,Europe,2025-05-07
a54b9046-7f1a-4a79-8e27-37cfa8cebe18,5a9d4948-3ed2-4f24-9210-270ff6789851,Tablet,112.89,America,2025-07-12
28da4340-45e4-4db9-893d-e2705c118bd9,e9f51c75-aa8a-4278-9abe-6fd0c20bc649,Monitor,199.18,Asia,2026-01-22
46ad363e-e092-4025-971b-5f5fa3b7a148,8e7d20e0-58dd-4cc7-990d-7c92b789728d,Laptop,173.93,America,2026-01-04
9792cd43-5e72-47c4-b896-6c23899e1447,a8ca36de-ee47-49cc-aaef-affbd6094536,Laptop,1074.43,Asia,2025-10-08
928b524a-b2de-47d9-adeb-749dc564ee70,d31a035c-63c6-416c-8cda-7aed22b36ad6,Monitor,1808.41,Africa,2026-02-01
b4a011d8-c7bc-4407-a805-fa6fe513c2e0,8e2ab7c8-711c-47f6-b895-5d884c9ede85,Tablet,98.91,Europe,2025-07-22
7abc724f-8be5-46bc-b733-fb0f5309b4df,676d29f9-fdbd-40ed-9e36-29af258969ee,Tablet,728.38,Asia,2025-10-20
2559e4c9-6089-46a0-828d-a99f23a924bb,b3fee87a-0207-4ef5-a3f9-529c4ac3b91e,Monitor,1043.2,Asia,2025-08-01
72dc5900-e0fd-4c4e-a82a-acd25ef1c010,77866184-7182-4b38-aa61-2c9783c12cd0,Phone,1891.08,Europe,2025-06-16
c19b1c27-358c-43bb-983a-03fddbf3d81c,87cf1ea1-f7ce-4d5b-89fd-2a2024a1d67e,Tablet,850.53,Asia,2025-07-07
1129582e-9306-457f-a621-bef2632f74cb,152ad7fb-2eec-4479-a45d-895e16811926,Tablet,525.79,Asia,2025-04-02
462258a7-98e7-4097-b783-71a308cf612e,066d8994-ba85-4e1f-8b30-9d080b7d3387,Monitor,254.79,Asia,2025-11-30
b9b6c8d8-75fa-41bf-a9e7-3e64ff969ba1,0b75f3ba-a565-4590-b9b4-4b8478279785,Monitor,1664.72,Africa,2025-06-06
5a5cd266-f2d3-4cee-a7da-f06ce8f726ca,35974af9-9015-4fd5-aa31-23ea7318936a,Phone,1389.86,Africa,2025-07-17
50d6add5-6c6e-4a56-9038-6e06f73ab3d0,734b0152-62f9-431e-ad3f-033bd50e3f6c,Laptop,1893.35,Africa,2025-09-21
24a81e3d-ed96-4c16-9ba0-f0ec5ca02edd,3ffb4ffd-4348-48e5-8b8b-7d5f237b4c59,Phone,1487.99,Africa,2025-04-23
78f52b69-269f-4645-9b98-287d040ed3f1,cee1846e-77c5-4f03-a154-5b5664e65bf0,Phone,1579.78,Asia,2025-08-18
b3415be6-47fd-4d59-8ff3-9db947bfa05b,87796b52-67ab-422a-a3d9-da2adfe689a1,Monitor,1289.13,Europe,2025-07-18
4340ef20-938f-4a09-b9d4-ccab82bc43d2,77a30243-018e-4897-b148-dcf4189a2d85,Monitor,321.06,America,2025-03-09
be644278-b1f7-4535-8df4-6a80cdd462d8,56b04a1f-2ad5-41be-85db-222de26d8e40,Monitor,759.56,Africa,2025-05-05
29f577b3-44aa-413e-ae18-5a250d58e8cc,8b486879-d5d3-4e99-aeb0-841c0a14fece,Laptop,1540.36,America,2025-10-31
d94794dd-1cd6-47a6-995d-748bd37d0e7f,d89707a6-72fa-41d8-9a2c-22ae05885809,Laptop,915.2,Africa,2026-01-24
